Protein IDs_Gene names;12.5fmol_C4;12.5fmol_C5;12.5fmol_Ro;12.5fmol_C8;12.5fmol_C9;12.5fmol_C10;25fmol_semtumor_S49;25fmol_semtumor_S55;25fmol_semtumor_S57;25fmol_semtumor_S61;25fmol_semtumor_S64;25fmol_semtumor_S68;25fmol_semtumor_T16;50fmol_T1T2_S78;50fmol_T1T2_S79;50fmol_T1T2_T12;50fmol_T1T2_T20;50fmol_T1T2_T22;50fmol_T1T2_T23;100fmol_T3T4_S81;100fmol_T3T4_S82;100fmol_T3T4_T13;100fmol_T3T4_T2;100fmol_T3T4_T5;100fmol_T3T4_T65;100fmol_T3T4_T9
A0A024R6X1_CES2;23,35904;22,61349;22,14604;23,17141;22,7577;22,92236;22,37111;0;0;22,26267;21,65648;24,40775;21,69757;22,15054;23,32155;22,01601;22,5214;22,18909;23,33674;21,76276;21,14694;0;21,1187;0;21,21939;21,36357
A0A075B6L0_IGLC3;28,9169;29,77483;29,7997;30,08778;29,58848;28,85204;29,26024;29,83065;30,17878;31,21709;29,94294;28,63378;29,89851;30,46012;30,39468;29,95671;28,4371;28,89273;29,0748;30,33255;30,08195;28,00459;29,19573;27,9359;30,27775;28,43018
A0A087WVW2_IGHG3;22,89623;22,92745;23,6371;23,28814;23,83779;24,17995;23,78107;24,65261;25,78249;26,38535;24,16231;25,09079;24,47364;23,40354;23,02063;24,39624;23,45337;23,59184;24,47599;23,02135;25,6502;25,77092;24,18843;26,93719;26,95903;24,46588
P06331_;21,67064;21,95138;22,25615;22,00141;21,56286;21,40992;21,46742;21,67465;21,97635;20,74804;22,12698;21,27986;22,08105;22,81141;22,31512;22,24389;0;22,03674;21,33963;22,19934;22,0278;20,8798;0;20,95091;0;0
A0A075B6R9_;21,25107;22,34524;22,60334;21,52769;20,46224;21,47912;21,08382;0;21,46827;24,86924;21,031;21,95216;20,5904;21,59905;22,04374;21,24609;0;21,84291;20,50514;21,64482;21,66032;21,19334;20,95929;22,80705;21,96744;22,00477
P06310_;22,52712;22,77082;22,97058;23,45914;23,02533;22,17843;22,78447;23,08084;23,15728;24,61144;22,38509;22,7777;22,06214;24,3868;22,82227;23,60196;0;23,43733;22,35035;23,58072;24,18041;21,97593;23,97132;22,23058;23,78257;23,24627
A0A087WSX4_;21,04387;21,26802;22,38232;22,33794;22,05867;20,97666;21,15066;21,72862;0;23,89671;21,67129;21,19779;21,29429;23,20877;21,80381;21,99269;0;21,54128;0;0;22,66099;0;0;22,54359;23,08678;23,47407
A0A087WT59_TTR;25,61552;0;25,9402;27,07337;26,16106;24,88073;26,79872;25,84668;26,8087;25,928;24,79357;24,07292;27,57845;24,08229;24,48536;26,08592;24,59616;25,68982;27,18225;25,43838;24,17387;26,91319;25,88068;24,35225;28,04067;24,66844
P19823_ITIH2;22,16803;0;22,50339;20,40561;21,26516;0;22,02665;22,02651;22,91858;22,03483;0;21,16852;23,77836;0;0;22,63806;0;22,38414;0;0;24,09168;23,81323;0;21,55338;22,69279;20,21027
A0A087WZM5_FKBP1A;21,19604;0;0;23,30675;23,21854;23,08018;23,75725;0;21,78373;22,5238;22,14193;22,56477;0;22,03758;22,61787;22,36834;0;22,45558;0;22,25681;21,52052;21,40582;23,45663;0;20,32378;22,18329
O75626_PRDM1;21,75931;23,7964;24,3995;24,86439;22,19286;23,05479;22,32726;22,42588;23,22848;21,9725;22,51326;23,61785;22,54731;21,45869;22,18208;23,37836;23,03984;22,68192;23,55801;23,36199;21,98968;24,25314;22,58369;23,67228;22,27182;25,97351
A0A087WX49_IGLL5;23,81783;24,04252;23,93526;24,32444;24,36399;23,14369;22,21833;23,74181;24,17767;25,89396;23,81792;23,7678;22,652;25,03838;24,4742;24,07602;20,87643;25,70385;23,12496;25,10805;25,64872;22,90806;22,81943;23,146;25,071;23,32334
A0A0A0MS15_;22,22629;22,47375;22,48505;21,42511;21,24109;21,64931;21,90987;22,45851;22,03671;25,79424;22,33462;21,55375;22,17039;23,246;22,2974;21,66505;22,58974;22,5991;21,41581;0;21,73698;22,17822;0;22,61661;21,62216;21,08148
A0A087WV47_IGHG1;28,08274;27,561;28,02781;29,33452;29,06013;28,43026;28,43686;30,73409;29,46447;29,92875;27,58785;29,41131;29,1408;28,21341;27,12021;28,8524;27,08487;29,02641;29,50883;27,38055;30,78176;28,95693;27,8715;30,86732;31,17653;29,90656
A0A087WVN6_;21,55525;21,63454;23,0625;21,86363;21,33974;21,03758;21,18918;22,17636;22,58424;23,80528;22,32204;22,13041;21,68303;22,98543;23,20632;21,48242;21,44162;22,79879;21,5644;23,62823;23,70988;21,429;21,88725;0;23,93571;23,39558
A0A087WW89_;26,69684;28,38311;27,36761;27,08264;27,87015;26,82905;26,62422;27,77781;27,31959;28,6976;27,30835;26,82808;26,95082;27,99954;27,41571;27,55274;27,48408;27,65635;26,16994;27,68739;26,99798;26,85341;26,62338;25,95901;27,13389;26,04766
P06753-2_TPM3;25,72786;24,68335;26,1325;25,60128;23,99645;27,09456;25,92103;26,97935;24,49515;23,14235;26,07355;24,24786;25,86806;24,38186;24,45105;25,43927;27,60696;25,3996;23,80469;26,84518;25,06229;26,13677;27,59662;25,62257;25,34137;24,99619
Q9Y6R7_FCGBP;0;24,8532;22,1078;23,6468;0;0;22,00607;0;25,09808;22,92058;22,76961;23,04622;24,10334;23,98494;23,02144;23,76;22,55417;0;24,16415;22,83395;0;22,58662;0;0;22,42075;0
Q96KP4_CNDP2;21,21157;0;19,58516;19,85015;18,44879;18,34983;20,74008;17,92509;18,84472;0;19,00135;21,2127;18,12419;0;19,76838;0;0;20,28895;0;20,11108;19,91382;20,53146;0;0;18,00881;20,11502
A0A087WZH9_;20,70295;20,31274;21,11598;21,69549;21,41803;19,60174;21,10687;22,98841;21,8077;18,88265;21,43461;22,11823;20,99755;0;0;0;19,9894;22,44127;21,5696;21,45222;21,85799;21,90716;21,43089;22,37138;22,07159;21,84514
A0A087WZM2_RNASET2;21,99058;22,44554;21,83105;20,93366;22,08505;21,90279;23,75277;21,6479;22,24371;22,25963;22,35006;22,83136;21,32893;21,3103;23,12353;21,67612;0;20,71154;20,84284;21,9379;22,00031;21,45061;21,48247;0;21,3387;21,07601
A0A087WZW8_;30,12608;31,15822;30,78168;30,80701;30,83266;30,22182;30,40294;31,12244;30,88409;31,82767;31,03335;30,58145;30,59023;31,20198;30,93051;31,02128;30,12127;31,6043;30,10437;31,09327;31,19196;29,86609;29,76905;30,34181;31,52962;30,38587
A0A087X130_;24,72151;26,26055;24,7634;25,81277;25,55821;25,32454;24,64796;27,91039;25,16196;21,88189;26,08515;25,03149;25,70425;25,56636;24,97022;25,8075;0;26,2207;25,28093;26,03168;25,59012;24,30327;24,46095;0;25,97902;25,3762
A0A075B6P5_;26,07582;27,21586;26,97235;27,3145;26,14091;26,25636;25,95715;27,295;26,29779;26,49218;25,6071;27,10949;25,69059;27,36603;26,04151;26,14882;27,09628;27,37542;25,82784;26,56751;27,67479;26,79538;26,38116;22,17289;26,03718;25,53656
A0A087X2C0_;25,87694;28,36849;28,76484;26,796;26,7557;28,68137;25,29824;28,56449;27,10779;27,66316;26,85377;32,00243;27,08264;25,67455;25,77029;27,04864;27,17817;26,3271;25,75264;25,20765;29,55252;27,04437;25,72713;27,0802;28,02242;27,70761
Q06830_PRDX1;25,67858;22,81308;24,68008;23,73273;23,70599;24,93012;24,18071;22,55567;22,06349;22,80207;23,22308;25,3803;22,85622;24,18722;24,52331;0;23,328;23,87755;25,05159;23,04773;24,04343;23,97185;24,24184;25,24209;24,52103;25,28086
P13797_PLS3;20,73917;0;20,28681;19,99576;20,19051;22,27872;21,97883;19,97407;0;20,73909;20,95447;20,73851;21,17518;21,54307;20,22282;0;22,42755;21,78592;20,53697;20,07953;20,56207;22,39992;20,12704;21,31152;20,34397;22,0672
A8K2U0_A2ML1;26,49433;23,97299;26,76623;25,93292;27,3274;26,6539;25,4205;22,0457;25,41054;25,39215;26,27064;28,19807;24,94722;26,39298;27,54488;25,41767;26,71607;24,75695;27,32354;23,82687;24,11426;24,41274;26,34741;26,75595;25,58927;26,53626
P08670_VIM;27,89983;23,328;25,11458;27,03244;25,01116;28,05538;24,7678;26,46283;24,41835;23,71796;26,74663;23,88194;27,86874;24,52981;24,15035;24,59337;27,25323;26,80943;22,06661;24,47624;25,97158;26,42048;27,29842;29,20979;22,70403;27,65908
P15153_RAC2;22,72422;21,96983;24,67341;21,83001;22,13085;21,69477;24,24974;23,37132;22,74333;21,61553;23,55684;21,98815;23,07509;22,49722;21,97285;23,00393;22,76;23,34191;21,94724;24,46339;22,29443;23,53623;21,59914;22,19529;23,19116;23,2027
P09429_HMGB1;0;0;23,06819;23,14849;22,44511;23,49106;23,72005;23,60071;0;0;0;22,58008;22,57055;22,52609;0;0;23,79729;23,11652;22,73756;23,1704;22,36565;23,52815;23,49375;23,22707;22,52071;22,75748
B4E1Z4_CFB;22,03325;0;23,1363;22,56948;22,13144;21,95638;23,1246;23,51184;23,68153;23,71848;0;23,43759;24,00273;23,37292;0;22,12515;22,9612;23,01893;21,03792;21,03443;25,08918;25,42765;23,63522;23,57092;25,32206;21,63174
B5MDF5_RAN;22,85593;0;21,95223;21,46024;21,93859;22,61232;22,613;21,8456;19,27528;0;21,44763;22,20815;21,60218;0;0;21,47882;22,05378;20,17377;0;22,20419;20,50242;22,43438;21,19334;21,81812;22,408;21,8321
B7Z6Z4_MYL6;24,86962;22,33325;25,99512;24,4891;23,92234;24,81137;23,62745;23,94387;21,74604;20,77475;23,73995;22,96763;23,18615;22,21021;22,19337;23,38337;22,32089;23,72338;0;22,59933;22,71547;25,11652;24,20411;27,06784;24,88199;26,16019
B7ZKJ8_ITIH4;21,01079;0;20,24354;21,80286;21,10194;21,55749;22,12956;23,15914;21,27844;22,74714;0;20,95653;23,34503;0;0;23,51665;22,99326;0;22,01025;0;22,75493;24,99218;22,76939;23,33688;25,17035;22,32567
P40925-3_MDH1;22,80239;21,8314;22,32534;21,38853;23,36199;21,29972;21,93481;0;21,6847;22,35197;22,20192;24,56116;0;21,49248;22,40673;22,03419;21,99179;21,03872;22,35132;22,10441;21,90334;20,449;0;0;22,97521;0
C9JC84_FGG;22,4901;21,82842;23,96693;25,34908;24,67314;24,71618;24,46457;26,57888;24,22472;26,15468;24,2059;24,71167;24,95965;24,36606;23,23055;26,19334;24,09523;24,59958;22,68545;23,99774;26,18408;27,42037;24,82041;27,01169;27,42694;25,70504
P19971-2_TYMP;23,46862;0;21,51735;19,95872;22,239;21,9642;23,85899;21,92289;0;0;21,61401;25,68137;0;0;21,97719;0;23,04347;21,9929;0;23,22015;22,51487;23,87615;0;21,51494;21,64755;21,46702
Q9UG63-2_ABCF2;0;23,13921;18,59813;0;0;21,65189;0;23,1308;0;23,11391;0;22,57194;0;0;23,0605;24,34868;0;23,76699;23,43148;0;23,80853;22,38071;24,37994;22,68166;23,01791;21,09867
P30838_ALDH3A1;23,54804;22,91369;22,87094;22,93081;23,96429;21,58128;22,99592;20,16815;21,81124;22,55885;0;22,38369;20,33843;23,99947;0;0;23,10127;20,95383;25,48108;21,97008;21,09957;21,77314;21,64957;20,5285;0;24,17934
C9JV77_AHSG;23,74735;22,80004;25,64743;23,34557;22,82468;22,33789;22,56065;25,29747;25,8646;22,5142;21,36602;22,46727;25,43629;21,38269;21,63786;24,64741;25,48075;23,88586;27,80169;0;25,77643;23,34841;23,1005;22,53528;25,76111;23,28546
CON__P00761_;30,53742;31,96575;30,99301;31,30187;31,34752;30,37026;30,52878;30,59201;29,9194;31,12872;30,60594;28,33981;30,44243;32,15488;32,18881;32,51883;31,86437;31,3714;31,36781;32,03325;31,34562;28,94137;31,8178;28,7855;29,51124;29,34047
CON__P01966_;27,08081;23,8532;0;27,83425;26,49381;31,20909;26,61625;26,26247;24,16438;0;24,36513;26,77304;27,23068;27,78619;22,21552;29,022;28,26781;25,63721;26,59406;0;28,84347;28,05982;32,57648;25,00616;28,94184;22,87085
CON__P02538_KRT6A;24,8009;23,37518;28,33053;25,22887;28,91678;25,23706;23,43949;25,77558;23,26155;26,74175;25,83774;27,7939;23,0424;24,3041;25,27444;25,36506;25,36058;26,29104;25,585;25,67295;27,34858;28,21863;25,82017;33,12323;25,97928;33,085
CON__P02768-1_ALB;33,21926;32,45946;33,04071;33,79682;33,82003;33,03256;34,01047;34,63401;34,77608;33,386;32,70551;33,76406;34,79976;32,71739;31,42162;34,415;33,48292;34,01305;35,75725;31,74539;34,09459;34,10875;33,23606;31,66619;35,29108;31,73896
CON__P02769_;27,38772;28,24441;26,89735;27,61933;27,96069;27,3226;27,87074;27,92965;29,18369;28,22578;28,6268;27,31536;28,17112;29,91042;29,81757;30,74751;30,36045;29,85004;29,61742;31,18187;29,85418;29,42742;30,29691;28,945;28,81598;28,41659
CON__P08779_KRT16;25,4309;23,18065;25,55221;25,8776;29,22073;26,27658;23,27242;25,58758;23,05522;24,67228;25,71159;27,05672;23,79966;25,14414;25,40704;26,79154;25,22817;27,50469;0;28,26656;27,16902;27,98761;25,62675;31,90441;25,98828;30,56665
CON__P13645_KRT10;22,6541;23,71408;22,48439;24,61543;25,95901;25,21719;24,15406;25,19772;24,01699;25,34028;23,45826;22,96199;24,0712;24,4479;23,98746;26,24867;24,32656;23,90334;24,38047;26,80304;25,07165;22,81814;22,91178;26,37305;22,29782;26,67963
CON__P13646-1_;24,07496;22,66923;28,53771;21,88993;25,43962;26,58892;24,90734;22,13596;0;27,4434;21,63848;26,2245;0;23,41364;23,12588;22,72586;27,10759;25,35726;0;27,54289;24,87136;29,23389;25,26578;33,15046;21,19406;33,35245
CON__P13647_KRT5;0;0;25,02272;22,34012;26,57259;22,03268;22,76448;23,89634;0;0;0;24,64631;0;0;0;0;22,68376;21,92575;23,26971;23,32896;23,99955;27,24654;0;29,1902;26,08316;29,20233
CON__P19013_;24,38509;20,39947;26,85507;24,57998;24,32985;24,0685;22,29275;22,76871;0;0;21,21945;20,06342;0;0;0;0;25,18476;23,59889;0;0;22,99502;28,57582;24,17341;30,08309;18,41761;31,62867
CON__P35527_KRT9;0;0;21,70227;24,00513;28,15282;19,59266;23,51953;27,76205;23,30117;23,75969;22,30421;22,76;21,35767;0;23,64603;21,81581;0;0;23,36426;22,55815;23,55766;21,50281;22,7977;19,9333;23,07936;21,11737
CON__P60712_ACTB;26,7145;25,36102;25,32701;26,62031;25,80836;27,33977;26,40938;26,76471;24,82546;23,72088;26,75939;25,33204;26,0086;25,34925;25,38532;25,31316;27,01776;25,53083;23,86985;26,58749;24,85757;27,43468;25,89152;26,07006;26,03116;25,41116
CON__Q3MHH8_;21,96839;26,43603;30,01824;19,71026;19,55882;25,78499;25,58437;24,98802;26,86644;27,0625;28,0102;22,11337;27,66777;0;28,1208;18,28102;24,05117;18,66508;23,40549;29,60908;23,31188;26,13034;22,51319;0;26,21152;26,29391
D6RF35_GC;24,95602;24,86566;25,38073;24,56028;24,7963;24,85372;24,35984;26,20038;26,86207;25,3948;25,73877;26,63851;26,94893;25,14895;23,00961;26,15271;26,19267;25,6193;26,26842;24,52666;25,7715;28,05517;24,93988;25,32433;27,49846;24,91547
E5RHG6_TBCA;21,93416;0;21,1038;22,22066;21,28523;21,51869;23,00636;21,64623;20,64509;20,91452;21,33282;22,4819;21,61279;21,11737;19,96056;21,52018;22,95349;21,66952;22,38664;21,34169;20,19172;21,36314;20,64421;0;0;0
E7EQR4_EZR;21,64377;21,76967;19,98635;20,60241;21,42363;21,06513;21,32592;21,24197;0;21,55707;21,45804;22,38759;21,22559;21,7154;22,22152;0;0;20,71733;21,11984;21,29754;21,37761;21,0494;20,80656;22,87669;20,87905;22,6953
P02788_LTF;30,89642;29,6947;31,32018;31,3391;30,61903;30,31905;30,35584;29,88192;29,81008;30,63201;29,66104;31,62021;30,49247;29,7556;30,00357;28,2724;29,55371;30,28129;28,7181;29,58029;32,72043;29,58996;32,66833;32,29195;27,61351;30,43569
E7EX29_YWHAZ;27,83232;24,48315;25,79459;26,5067;26,27562;25,95691;27,11247;25,03754;24,81363;25,10021;26,22424;25,61091;25,87556;25,50709;26,8236;25,90731;25,32732;26,65062;23,9878;25,62358;26,4663;26,87526;25,42252;27,27915;23,92751;25,42694
P11413-2_G6PD;22,87583;0;23,01815;22,58809;22,42931;22,81615;23,72255;22,01304;0;20,21762;22,93213;21,69825;22,49641;0;0;20,81151;22,46946;22,01243;0;23,20571;21,71175;21,26276;22,34952;23,40497;24,12187;22,83103
Q9H0U4_RAB1B;22,56895;0;20,47239;21,22788;0;22,91568;21,60345;20,55946;0;19,48489;20,89667;20,29524;20,95837;0;19,55843;0;22,08861;20,44577;20,02999;21,25165;20,2247;22,87324;22,79723;24,84886;22,14299;24,07145
P55786_NPEPPS;22,50928;19,46535;0;20,37411;21,11439;21,08232;21,89312;20,90338;0;19,9631;20,61872;21,82664;20,4208;19,59133;21,86408;0;20,32586;20,29379;0;20,64245;19,53939;20,69064;19,98579;20,43827;21,33254;21,1784
O00764_PDXK;20,07248;18,98521;19,98899;20,21514;18,44342;21,49395;0;20,08822;0;0;20,58013;19,23727;20,23888;17,58652;0;0;19,36372;18,56436;0;0;17,3784;21,3103;19,97603;19,25592;21,55464;20,30552
P0C0L5_C4B;23,1503;21,88584;23,78576;22,68507;22,55178;22,97666;24,04093;23,23386;24,8124;24,22501;21,78624;25,78132;24,06587;22,94592;21,77764;23,08234;23,28037;23,64988;22,72945;24,51785;22,57457;25,45798;23,67142;25,78908;25,10057;24,02454
P22079_LPO;27,81562;28,22972;28,44656;26,76534;27,66214;26,42894;27,54907;26,86726;27,68184;27,73085;27,73538;28,39354;26,76825;27,54937;27,86402;25,72195;26,19738;25,51581;25,29288;27,66817;26,74996;25,9406;24,08837;24,88413;26,45158;26,74175
F5H5D3_TUBA1C;0;0;23,24413;20,92194;0;22,61831;0;0;21,97767;22,38353;0;21,46946;0;0;21,60454;0;22,14889;21,76664;0;0;23,39872;22,4342;22,75007;24,239;21,49263;24,37425
Q14697-2_GANAB;21,80329;21,5792;21,83815;21,16441;0;21,56402;21,014;20,69447;21,11946;21,11591;21,26247;21,1943;20,98961;20,65009;22,35762;21,02655;0;21,09507;0;21,73901;21,86499;21,59373;21,49702;22,04093;21,2785;0
P30040_ERP29;19,93145;0;19,22952;19,31431;0;19,471;19,60928;19,70261;0;0;19,56078;19,94735;0;0;19,15267;0;19,59045;19,00358;19,8874;0;18,88414;19,75192;21,51331;0;0;0
P09382_LGALS1;19,81016;0;0;21,04146;18,51872;20,92274;20,21596;18,58119;0;0;21,35837;21,93682;19,19176;0;0;0;22,80601;23,11027;0;18,57906;23,85795;23,4946;19,06758;19,49074;21,84659;0
Q8TD19_NEK9;21,27304;22,81427;22,57052;21,10521;23,8319;22,17139;0;23,92561;24,57554;23,82124;21,63671;23,9526;0;22,86257;23,47469;25,68699;27,78257;25,10538;24,90003;27,33637;25,35599;25,95462;25,49613;26,50587;23,56139;23,635
P16070_CD44;22,35375;0;21,92441;21,69977;22,09042;21,60322;0;21,93668;0;21,7882;0;22,67139;21,91335;21,96236;0;21,5013;0;0;22,2086;20,91496;21,69353;22,45598;21,86416;22,85872;22,40122;21,49135
P06576_ATP5B;21,09468;0;20,71808;22,43967;0;21,5553;22,48301;23,37518;23,69774;20,36666;25,70609;22,98663;23,67476;22,99271;21,93128;24,81235;0;0;0;24,76971;21,57967;20,48109;20,90367;23,67616;21,68436;23,88558
P00441_SOD1;23,61986;24,77138;21,53236;21,79325;23,25494;22,87862;22,42693;22,43392;22,15832;23,27597;22,18262;23,69264;22,12865;23,44405;22,68938;21,6829;25,81201;25,29457;23,81304;21,88655;21,97715;22,34405;23,25494;0;21,26167;21,67487
J3KPA1_CRISP3;24,94913;26,64966;26,66817;26,53159;26,78407;26,57361;26,02147;23,96772;26,58176;28,37169;26,54984;25,99313;26,32052;28,29321;28,34321;25,894;24,36766;26,09277;26,25561;27,467;25,44107;24,8541;23,85586;22,96372;24,34976;23,4891
P68431_HIST1H3A;26,00629;25,21297;24,91342;27,59484;26,21858;27,10699;25,99164;26,63547;25,00002;23,70081;26,19871;26,56205;26,69205;24,51214;24,76157;24,95358;27,46466;27,01776;0;25,11275;25,62444;29,22157;29,72975;28,07607;23,84929;27,27773
K7ELL7_PRKCSH;0;21,81116;0;0;20,44385;0;20,90779;20,93128;20,96853;20,64333;21,07097;0;20,88398;20,69073;21,56025;0;21,1242;21,39874;0;0;0;21,74833;21,41318;0;0;21,50504
O00299_CLIC1;24,03909;20,54717;22,9564;22,75183;22,24991;23,01609;23,19376;22,35971;21,13508;22,27142;23,07801;22,50681;22,39702;21,12893;22,20213;20,7059;22,83896;23,59821;21,38874;22,13144;21,97358;23,6165;22,81824;23,82425;24,11323;24,18745
O00391_QSOX1;22,71308;23,27341;23,79154;20,82361;23,05951;21,38237;21,12263;0;23,24114;22,22509;21,0357;22,94228;20,62015;23,77425;23,41828;22,70603;0;21,24208;0;21,66453;22,3306;22,5364;20,74057;25,51467;20,41018;22,23023
O15511-2_ARPC5;22,76717;0;0;22,44874;21,20896;23,48456;21,02493;22,82825;0;0;23,41028;22,22973;0;21,63405;22,14488;21,92705;22,57154;22,42268;23,00582;23,34827;0;23,73531;23,84259;23,26356;22,21596;23,29418
O43707_ACTN4;22,8157;0;22,20985;22,14448;21,58578;22,41214;21,74571;21,51538;0;20,77917;22,35888;21,6468;22,14485;21,15937;22,42698;22,0671;22,01754;20,84452;0;23,05509;23,04161;22,55943;23,23841;24,09844;22,66568;23,74294
O60888-2_CUTA;19,97715;20,20729;20,80475;0;20,47388;19,91738;20,76498;20,56477;0;19,63076;20,1603;20,9782;19,62115;20,69498;20,34787;19,48269;19,89683;0;20,42142;20,74944;18,98754;0;19,46202;0;19,6998;0
O75594_PGLYRP1;22,70818;22,7066;23,03606;23,67906;23,31188;23,24571;25,62631;24,00256;23,05892;21,27384;23,8319;21,62863;23,79561;0;22,2592;23,6381;0;23,30368;25,31372;24,41629;21,54647;23,36159;24,39944;23,13874;25,33773;22,998
O95336_PGLS;21,80467;20,73207;21,33587;20,66709;20,79915;20,90183;21,56941;21,77463;0;0;21,64786;21,66132;21,17499;20,82687;0;0;22,02682;21,29804;20,7376;0;20,04607;22,03221;21,74911;20,59423;22,32819;19,72037
P00330_ADH1;26,93697;28,13707;26,29019;27,35498;27,73383;27,08274;28,16954;28,32513;29,54331;28,91308;28,886;27,63201;28,71326;30,45435;30,32807;31,02565;30,69876;30,02644;29,96966;31,49109;30,30411;30,0531;30,39785;29,45289;29,12201;29,17752
P00338-3_LDHA;26,31444;25,8742;23,78706;25,77856;25,30173;26,137;26,25988;25,86611;24,45826;22,87502;25,68902;26,55105;25,07463;23,01483;24,96772;24,46101;25,79543;25,00183;23,43173;25,30449;23,18778;26,60045;25,73169;25,32406;26,42068;25,1238
P00352_ALDH1A1;21,73513;0;19,59078;0;0;20,13634;0;0;19,15227;19,37074;18,87033;20,02729;19,16241;0;21,27042;19,22522;0;0;0;18,64519;18,44585;0;19,07799;0;18,73466;0
P00450_CP;24,15391;0;25,18541;23,89957;23,10553;22,68033;23,85833;24,79213;25,13489;25,65668;23,44544;25,63868;25,59653;23,33156;23,12233;24,38667;22,93962;24,62165;25,72161;22,88008;25,98055;25,79645;25,31965;25,40656;27,71699;23,5775
P00489_;27,91952;29,1606;27,66241;28,11585;28,49675;27,5847;28,24059;28,87789;29,90641;29,32789;29,48581;27,92031;28,95876;30,64461;30,57227;31,26472;30,84086;30,13161;30,04531;31,73505;30,74335;30,28218;30,9451;29,74514;29,51906;29,57192
P00491_PNP;23,52743;22,38832;22,80599;22,12884;22,22662;24,07431;23,91452;22,50361;21,35122;22,03382;22,66501;22,67003;21,9578;0;21,13464;22,35816;23,58118;22,66001;0;23,71701;21,93355;21,57667;22,73562;21,25234;24,07153;21,9369
P00558_PGK1;27,33543;25,03318;27,08152;26,62784;26,51197;27,22113;28,22173;25,94637;25,77339;24,73387;27,64403;26,20645;26,27172;24,39034;24,98498;23,92714;26,32775;25,82866;26,02439;26,56058;24,94436;26,56363;24,60851;26,18145;26,97782;26,0565
P00738_HP;26,97695;26,5189;27,99216;29,39793;28,62495;28,82799;29,69076;29,73583;29,31838;29,79721;28,7816;29,32281;31,24513;28,70193;27,11823;30,14212;28,76636;27,75296;29,18509;24,98224;30,30029;29,3927;29,53343;28,45431;30,75151;28,22205
P00924_ENO1;26,89458;28,86065;27,27551;26,95947;28,11138;27,14715;27,4817;27,83792;29,15711;28,20041;28,71895;27,59477;28,57669;29,57114;29,20086;30,52505;30,08436;29,04682;29,50773;31,07444;29,84239;29,63528;30,36401;29,01433;28,64986;28,53827
P01008_SERPINC1;20,42306;0;22,31882;21,20514;21,13301;21,31252;21,10834;22,10329;22,50867;22,65521;21,49336;22,59003;22,55455;22,65471;0;22,34606;0;20,38648;23,44177;21,11439;23,173;23,27113;0;0;25,47899;21,73364
P01009_SERPINA1;19,16928;21,41998;27,41127;21,00888;22,31601;18,82373;23,81919;23,19851;27,08588;28,64423;21,64781;27,33535;23,34476;26,67438;26,57452;23,70862;21,26138;23,86731;26,18179;23,49863;28,33065;26,26791;0;23,93436;26,56687;23,50736
P01023_A2M;26,92965;25,23914;26,63796;29,05817;26,36663;27,29798;29,64208;30,38782;28,50658;28,06023;27,34528;27,90719;29,0331;27,73796;26,91148;28,77162;28,09823;29,59295;29,53349;26,49155;29,93593;28,44747;29,05129;25,65589;30,36045;26,7366
P01024_C3;25,49085;23,54156;26,68445;26,1042;25,77992;26,09517;26,88157;26,97202;27,3256;26,96301;25,89046;26,56909;27,70167;25,21982;24,99058;27,3138;26,18775;26,84182;25,52256;25,73092;27,45709;26,9157;26,78357;26,37408;29,14338;25,70322
P01033_TIMP1;23,86703;23,19765;24,27377;22,75338;23,51449;22,06378;22,31786;21,47981;22,98732;25,7052;23,13485;23,8675;21,59035;26,19254;24,93674;0;0;21,97095;22,44927;23,39362;24,77751;21,0466;0;22,76361;22,20219;22,70229
P01034_CST3;27,11456;26,81507;26,03122;26,89643;26,43377;25,82762;26,27439;25,16296;25,45227;28,14667;26,85686;27,15287;25,41905;27,81653;26,93044;24,19092;26,13175;24,96416;25,40545;27,104;26,27302;25,45067;23,76243;24,10157;25,07875;25,6345
P01036_CST4;30,73497;31,20023;31,92352;30,73417;31,57817;27,99879;25,82262;0;27,64808;30,2021;30,7319;27,91798;27,92417;30,36119;29,64901;29,73778;30,04791;29,53211;28,15219;29,64033;29,60334;21,82807;28,8832;24,31866;0;0
P01037_CST1;30,84595;31,00337;29,40848;29,62342;31,06715;28,23284;25,70662;0;27,16192;30,12583;30,69304;27,05134;27,73124;30,30138;28,86623;28,69594;29,83251;28,17083;27,36127;29,45018;28,7415;22,40328;27,97656;24,35897;0;0
P01042-2_KNG1;0;0;23,59867;20,63609;21,20538;21,07431;21,84337;22,58472;22,79592;22,65064;0;22,41326;24,1343;0;0;0;21,21169;0;23,45989;22,83422;23,98015;24,90926;0;22,10872;24,78586;21,35095
P01591_IGJ;29,63718;30,88795;30,22182;30,52262;30,09434;29,87691;29,25178;29,03454;30,14746;31,22446;30,82828;27,82068;29,5539;31,03813;30,12546;30,00531;30,10749;30,25034;27,66404;30,92564;29,94056;29,01449;29,07043;26,87033;28,53545;29,45895
P01593_;0;0;0;21,61261;24,63412;24,19438;0;23,75735;22,33216;0;23,83403;23,80686;22,90091;24,16561;23,52695;24,09055;24,34543;25,46485;0;25,64;22,29673;23,17384;0;21,8717;20,00648;0
P01598_;20,08018;19,58461;21,86903;20,86499;20,96733;20,15078;0;21,28856;0;21,62489;20,66986;20,27287;0;21,10431;21,45156;21,05966;0;20,74526;0;21,28918;22,68027;20,50959;20,33047;21,97509;23,64064;21,7997
P01616_;19,58774;22,41041;21,74394;19,1169;0;20,3405;20,81214;20,66449;0;20,86136;0;20,61791;0;20,36078;20,43868;0;21,0448;22,20952;19,99328;21,14576;20,5733;21,73888;19,65847;0;21,17956;0
P01622_;21,16196;22,40652;21,9294;21,12067;20,83098;0;20,58215;20,92165;21,28071;22,23491;22,02513;21,37999;20,54557;21,46369;21,70041;20,68106;0;22,06161;19,71163;20,53469;20,25373;21,78975;0;0;20,85018;0
P01623_;26,02669;28,09305;27,86325;28,1856;27,85365;27,9165;27,15228;28,17603;27,24943;28,96359;27,83665;27,89012;27,4149;28,39546;28,08111;28,14565;27,89637;29,06594;26,68632;28,3704;27,51089;27,90879;26,73053;26,09684;26,25272;26,27037
P06314_IGKV4-1;23,54014;24,74381;25,21516;24,08188;23,68228;24,05978;23,65097;24,89101;23,826;25,78212;24,31486;25,11497;23,81675;24,41448;24,08756;24,21719;23,16717;24,86098;24,26699;23,73438;24,6319;24,45312;23,00455;22,3839;24,32848;22,83142
P01714_;21,56598;22,89791;23,01361;23,15388;21,88729;22,46819;22,85576;24,24133;23,25178;24,09917;23,16154;23,18708;23,56546;23,82639;23,87586;21,54194;23,18659;22,93875;22,8472;23,67088;23,43352;24,32292;21,92817;21,38464;24,12289;21,0831
P01717_;24,36553;24,39447;23,10056;24,62584;24,87989;24,12755;24,40419;24,49808;24,41983;25,50069;24,74088;24,81216;24,40139;25,69445;24,01759;24,89037;25,55938;24,10582;23,1456;25,60385;24,42227;24,70145;23,91251;24,37703;23,94869;22,20413
P01763_;22,23914;23,28348;22,6262;23,14557;22,45596;22,72142;22,16708;21,72188;23,84623;24,30299;22,88917;23,39911;22,75733;24,71968;22,92435;23,59514;22,95424;24,23761;22,92102;23,53148;23,28433;22,53184;22,82394;21,9011;22,81049;21,10393
P01767_;21,71821;21,89397;20,66179;21,50582;21,0189;20,48217;19,21041;20,26293;0;21,50349;21,78636;22,69428;18,8636;0;22,58648;0;20,29109;20,89667;0;22,04033;20,97603;19,84262;0;19,62444;20,97421;19,59705
P01779_;26,03559;26,8662;26,6345;26,15447;26,24828;26,3432;25,42656;24,68806;26,14147;25,83333;26,33426;27,27631;25,89569;25,1565;26,23341;25,49984;26,28169;25,92021;25,35084;26,81115;25,99328;25,5365;25,4461;25,39264;25,64878;25,28143
P04438_;21,68663;0;21,86405;0;22,68153;22,29597;23,15772;22,37597;0;24,2815;0;0;0;22,93278;23,43352;24,52091;22,5595;23,4148;22,25744;0;22,45628;21,94903;21,79432;21,06933;0;21,92426
P01833_PIGR;29,65074;30,42112;31,59553;30,95546;30,31689;30,22136;29,58397;29,23222;30,42001;32,51942;31,02512;31,73138;29,93551;31,28499;31,70508;30,64882;29,19244;30,23717;29,17679;31,42387;30,93171;29,03452;28,97265;27,61779;29,80216;29,93775
P01859_IGHG2;27,49755;26,59946;27,08335;27,42101;27,23252;26,79588;27,75856;29,06553;28,08972;28,7385;27,02253;28,13565;28,28692;26,02735;26,93798;27,25647;25,77824;29,21449;28,97021;27,12218;29,11538;27,53364;27,49259;30,24411;29,94252;27,93691
P01861_IGHG4;22,46309;21,72138;23,41377;23,63998;21,69939;23,38706;23,52791;26,15682;24,46563;22,09896;22,97698;23,22857;23,10262;0;22,9695;22,14342;22,62149;24,76304;25,12546;21,02168;26,90231;23,58428;0;25,79184;25,28242;22,77318
P01876_IGHA1;32,52815;33,60863;33,32039;33,01318;32,87494;32,71209;32,5355;32,19551;33,28154;34,09309;33,67146;23,19951;32,78293;33,6127;33,60278;32,77919;33,19168;33,15152;31,67257;33,51595;32,64289;32,22682;32,5602;30,62758;32,37664;32,38751
P01877_IGHA2;27,81256;29,96416;30,20979;30,06715;29,29612;28,62279;29,29874;28,20466;29,88091;31,1423;30,06638;0;29,49732;30,97021;30,33862;29,89153;27,63478;29,39869;27,53215;30,71694;29,95809;27,69272;28,53545;25,51995;28,222;28,46533
P02647_APOA1;24,86032;24,34537;27,76945;26,22477;25,29541;24,61706;24,98906;27,77285;28,09617;26,95016;23,99023;27,40527;28,68402;24,36379;24,04352;26,87291;25,77087;27,49267;29,13809;24,49625;29,48644;27,98087;25,72067;27,86331;31,03963;26,28351
P02671_FGA;22,70107;23,08067;25,00988;24,68282;23,09867;23,87577;24,34929;26,84482;22,30014;26,09636;22,95481;24,57051;24,89514;23,8768;21,34066;24,41873;24,49881;26,13516;24,64658;23,03567;25,61549;28,32937;24,26699;26,82517;25,93594;25,79454
P02675_FGB;24,80582;24,71926;25,70427;25,86898;24,77158;25,12183;26,42193;27,88005;25,94159;27,31173;25,55078;25,47664;27,242;25,0299;22,91028;26,43554;25,0264;26,81946;25,93591;25,59503;28,14996;28,85046;26,11809;28,45658;27,82881;26,54837
P02750_LRG1;22,08232;23,01774;23,08382;23,0158;22,06477;21,01597;22,99762;23,12082;23,46426;24,97649;22,33609;25,75101;22,35976;21,78744;21,64535;23,15051;23,60422;21,89208;24,20538;22,78135;24,65524;25,63948;21,60227;20,30708;25,67643;21,93729
P02753_RBP4;21,66201;0;20,53877;21,26379;21,03698;20,68115;21,92256;20,93697;21,54132;20,60359;0;22,5981;22,73511;21,74078;0;22,1091;21,81995;20,34354;23,18295;0;21,48099;23,90894;22,27915;0;23,78337;21,62712
P02760_AMBP;21,16276;0;0;22,06983;21,11464;20,96663;22,08826;21,60318;22,37226;21,38448;20,88517;22,21214;22,35633;21,76061;0;22,66774;21,57902;21,72883;0;0;22,07137;22,26442;21,55004;23,81783;21,78831;21,18526
P02763_ORM1;23,80548;21,61293;24,54339;24,37292;23,70599;25,09313;25,63519;25,64105;25,46289;26,15812;23,57785;23,58806;26,30805;21,71175;23,41815;24,38949;23,17989;25,69259;27,0879;22,7982;26,54563;26,97771;25,44231;26,56451;29,15115;26,05209
P02787_TF;28,28003;27,46428;28,85118;29,08947;29,06224;27,65191;29,13244;30,14637;30,08955;29,62178;28,22384;29,15661;30,42362;28,54484;27,85923;29,88715;29,27324;29,20408;30,90656;26,92909;30,32507;29,26656;28,41466;27,31095;30,49133;26,9941
P02790_HPX;25,01308;23,63323;25,58961;26,24842;25,57213;24,59804;26,22573;26,86809;26,97891;26,8147;24,79679;25,78349;27,50264;24,94177;23,23346;26,10085;24,67017;25,18839;26,95604;23,78107;27,39346;26,85579;26,23546;25,57173;29,09446;25,21841
P02814_SMR3B;28,48185;29,59886;31,80343;20,35864;27,8549;0;27,5814;29,49537;29,77109;27,39754;29,98522;18,14236;27,7458;31,75589;30,69087;28,57985;24,26299;24,10853;30,83425;31,14953;30,33628;26,26076;19,23995;23,72265;28,33901;28,45462
P03973_SLPI;23,03287;24,95655;27,25539;25,02132;25,01069;23,65916;23,15348;0;24,06554;27,17817;24,04277;24,61352;22,57672;26,87338;25,76661;23,42829;22,30341;25,40243;20,73661;25,7486;24,77324;25,05366;23,06896;26,15033;20,29536;25,15476
P04004_VTN;21,49897;0;23,76618;22,26825;20,39958;20,74312;19,93948;21,2359;21,43878;21,16122;20,62747;21,07006;23,18318;0;0;0;23,10631;21,38969;21,47035;20,32257;22,05328;24,89597;22,26765;25,37372;24,49204;22,23643
P04040_CAT;26,31783;24,12959;25,17684;25,64392;25,20326;27,82451;26,92388;26,20732;24,98659;0;26,99205;23,76941;25,70765;26,24242;23,13002;25,49707;26,52527;24,56941;26,09573;26,35542;23,61504;24,60394;27,47769;21,73851;25,96877;23,30396
P04075-2_ALDOA;27,91365;25,95071;24,14678;27,40048;26,55846;27,84122;28,20532;25,94358;25,46815;25,06139;26,53945;27,38187;26,83123;24,87159;25,04531;25,3379;27,22766;26,40454;27,19131;26,61077;25,78079;26,98815;27,42005;25,83731;27,21974;25,87577
P04080_CSTB;29,64957;27,01574;26,59761;28,76894;29,12317;28,94003;28,40479;26,01389;27,7611;27,87144;27,65212;28,56525;27,68919;28,6302;28,78091;27,19686;28,67711;27,68599;28,90475;27,60491;27,3274;25,9747;28,47588;28,06286;25,74709;28,17931
P04083_ANXA1;26,0894;23,49692;27,89308;25,38103;25,09088;26,39968;24,96785;25,10262;25,82958;26,5222;25,84364;26,29567;25,4186;25,91185;27,27728;25,87056;27,19657;26,56487;26,32757;25,75279;27,11118;29,60754;25,36753;30,9652;25,85112;31,0033
P04196_HRG;0;0;20,58095;18,37725;18,98876;18,63428;0;21,66475;19,90442;19,65772;18,66306;19,12868;20,83545;18,50207;0;0;19,26552;20,06828;0;0;20,66752;21,72301;0;22,20762;21,94635;20,97288
P04209_;20,86318;0;22,11251;20,6808;22,08576;22,13411;23,08081;21,99172;21,91831;23,366;23,02198;21,86056;21,38901;22,19487;21,51687;22,39037;0;22,51641;0;23,21562;23,20975;22,68639;0;19,68322;22,26825;21,08952
P04217_A1BG;24,29894;0;24,73169;25,243;24,37749;24,66899;25,31879;26,35377;24,90578;24,78422;24,41983;25,76686;25,78404;24,04026;23,24647;26,17018;25,12794;23,63677;26,13526;23,33129;25,60484;26,74214;25,121;23,82648;27,66499;22,96695
P04264_KRT1;23,91944;23,47445;25,3106;25,39211;28,55036;24,16469;24,46364;28,16255;24,70709;25,02513;23,63345;24,51322;24,28355;23,92162;24,79546;26,21362;23,7237;23,17381;25,18064;26,44288;25,34875;24,368;24,8658;27,27604;24,73205;26,32865
P04280_PRB1;27,47537;32,98351;25,24035;0;24,52987;0;28,12687;25,90951;31,09961;25,3667;30,74343;0;31,35126;30,62854;28,95665;32,5676;23,78167;22,27952;30,14431;27,39026;30,72818;0;0;22,16877;24,0491;26,69352
P04406_GAPDH;28,31458;25,55292;27,77467;27,41248;26,18099;26,98902;25,27682;27,66458;25,12076;25,47942;26,75557;26,98999;26,87959;25,3002;25,39728;26,03011;27,24916;25,85305;26,81958;26,94726;25,09358;26,32876;25,45193;27,34892;27,8414;26,41738
P04745_AMY1A;34,29468;36,01656;35,49872;33,89699;35,3079;32,6394;34,51094;34,23371;36,31967;35,60747;35,90394;32,52012;34,86337;34,6111;36,24553;34,5204;34,61165;35,13644;34,60521;35,20427;33,93465;32,7426;31,65374;30,0544;34,21538;33,49298
P04792_HSPB1;23,15061;23,57277;26,73312;26,20045;23,1215;23,11628;22,91406;22,73233;22,84157;24,05523;22,54797;25,25021;22,48035;23,39008;24,24938;23,94476;24,07104;24,99843;22,38013;24,42918;25,60399;26,045;22,70047;27,79526;24,34996;28,64282
P04899-4_GNAI2;22,03617;0;22,51393;20,81613;21,4703;22,43367;21,35386;21,59368;21,07287;21,13157;22,32372;21,11908;0;20,94206;22,41972;0;21,13396;21,34251;0;21,59126;20,98864;22,72023;21,98878;24,23264;21,10329;22,40229
P05089-2_ARG1;21,64856;21,34402;21,70978;21,17316;21,43624;21,77816;21,50538;23,58026;21,11082;20,52076;22,13853;20,52688;21,79864;0;0;21,40151;21,06197;0;22,16705;22,01927;20,64086;20,76539;21,91776;0;23,80892;0
P05109_S100A8;30,35888;27,25061;31,04466;28,61803;29,17451;32,05443;31,75338;31,30802;29,54611;28,00935;29,56899;28,69166;30,76967;29,56422;30,02868;30,70215;27,14725;30,51897;27,72306;31,97196;30,24887;31,03898;32,46139;32,68673;30,45071;30,90354
P05164-3_MPO;29,13009;27,65997;28,79073;29,40665;27,59392;29,54409;28,41824;28,33905;27,38517;24,95207;28,23704;28,05429;28,20023;23,98233;26,85424;25,89132;28,09194;28,03758;25,52103;25,44979;27,73279;29,2736;31,35699;30,91142;25,99729;29,00788
P05386_RPLP1;22,05159;19,08908;18,6888;20,7917;18,82994;21,09023;0;19,27073;0;0;18,0024;20,27036;18,61079;0;18,69982;0;20,93099;19,61047;0;0;19,15066;22,87339;21,49941;24,10286;20,94371;23,65589
P06396_GSN;26,89412;25,10777;26,15516;26,81103;26,14499;26,75557;27,0592;27,06065;25,73301;25,31486;27,10049;25,73745;26,8441;25,38867;25,67546;26,27263;25,94699;26,09869;25,61074;26,47547;25,96294;25,83369;27,62129;26,04064;27,43365;26,06233
P06702_S100A9;30,45111;28,80931;31,48078;29,69684;29,5386;31,85987;31,98597;31,92093;30,94189;28,65785;29,56589;29,69955;31,24621;29,8613;30,33117;31,32507;28,12628;30,7419;29,17031;31,9062;30,92945;30,53621;32,77402;32,66295;31,44658;31,74831
P06733_ENO1;28,64193;27,09346;27,47352;28,24726;28,17322;28,53623;29,23918;28,02411;26,5502;26,80045;28,22894;28,88701;27,66268;26,69538;27,64733;26,81225;27,39305;27,39591;27,36469;27,5862;26,91068;27,02496;27,57029;27,71673;28,58201;27,08578
P06737_PYGL;23,19785;20,79321;22,74242;0;20,56681;23,99248;22,93499;21,00395;0;0;21,56071;21,50533;21,31512;0;0;0;21,19033;20,80538;0;21,54369;0;20,24563;20,54774;22,26253;23,96146;23,04146
A0A0A0MTS2_GPI;28,15914;25,93755;26,53856;27,62582;27,13516;27,6208;27,88518;27,78013;26,14377;25,0703;27,63235;27,06795;26,55996;25,93519;25,90233;25,37059;26,57235;26,39208;21,49438;27,46817;25,41931;26,6309;27,99793;24,95536;27,45678;25,7092
P06870_KLK1;28,13286;29,17477;27,83056;27,40349;28,42738;27,33543;26,10219;25,39833;27,64258;27,79934;28,2311;28,33172;25,94195;29,57642;29,06376;27,32045;27,66323;28,14263;26,13342;27,7147;27,06332;25,11553;24,31472;21,41885;25,73234;25,65081
P07108-6_DBI;23,43898;22,57766;20,82485;24,40438;24,19693;22,69402;22,53241;22,21226;22,3948;22,19746;23,08882;23,64823;21,45403;23,30257;22,26954;0;0;22,66917;23,76344;22,15675;22,45586;0;22,51802;20,84031;22,13774;22,12969
P07195_LDHB;21,89308;23,26299;23,67422;23,51364;23,06791;24,15862;23,25897;23,4675;22,03725;23,0861;23,82182;24,1882;22,28616;0;0;0;23,71879;23,12209;0;0;0;24,15298;20,9979;21,13909;24,01044;22,05543
P07237_P4HB;24,89689;23,04567;25,03984;24,63981;23,78077;23,89975;23,60772;23,48849;24,47735;23,61941;24,50628;24,78706;22,85032;23,16019;25,13504;23,60093;23,75908;23,26985;22,25612;23,68228;23,34949;22,56344;24,66433;25,00838;24,60767;25,60558
P07339_CTSD;23,45551;22,70075;23,96455;22,50031;23,34976;23,32031;22,68716;22,3218;22,25773;22,50031;21,43527;24,03179;20,62248;21,83846;23,02433;21,54345;21,80215;22,46978;21,69485;22,16922;22,19132;21,16411;21,57579;20,65997;22,3943;21,22723
P07737_PFN1;27,45301;24,63998;26,28231;26,49355;26,75034;26,72897;28,17669;27,21391;25,04648;24,62031;27,73576;24,8009;26,41785;24,28193;25,05639;25,06085;26,64636;25,44828;25,60142;26,70425;26,0043;26,10593;26,80317;25,56793;27,95149;25,29141
P07858_CTSB;23,53706;23,79164;24,91178;22,69245;23,29824;21,99497;23,27625;22,94131;23,64955;24,01852;24,97369;23,26857;22,832;23,12693;25,37096;23,38007;22,71358;22,67444;24,58898;23,62232;22,71026;23,01497;0;0;22,70426;22,67388
P07900-2_HSP90AA1;22,92796;21,97736;23,5715;21,13477;20,84483;22,83018;22,4467;22,36156;22,01611;0;22,05547;22,62765;22,32457;0;21,74098;22,03446;23,0771;22,57626;0;22,61984;22,99414;24,36379;22,95355;23,65665;22,87333;23,47581
P07996_THBS1;21,11471;0;22,84148;22,3735;22,22764;21,97925;20,34592;0;21,45654;20,62507;20,57117;21,59896;21,27753;21,96793;21,2785;0;0;22,56058;0;20,54614;23,69051;21,61679;0;22,72309;20,19472;0
P08107_HSPA1A;26,96884;25,47225;25,99421;26,55207;25,84771;26,93078;27,59263;27,06363;25,46014;24,84656;26,63215;26,59804;26,57529;26,00043;26,26327;26,03551;26,00112;25,53807;26,23967;26,38339;25,32131;25,875;27,46894;25,63909;26,61989;26,41377
P08238_HSP90AB1;22,43357;0;23,55836;20,78181;0;21,7984;22,28054;21,95539;21,31313;0;20,96846;21,79471;21,47363;0;22,08615;21,5727;22,85384;22,79761;0;22,96967;23,66166;22,84176;22,21975;23,23317;23,07503;23,64438
P08246_ELANE;27,02327;0;25,57834;24,92262;24,74212;27,30626;25,71088;25,61102;23,45136;22,99215;25,91109;23,95784;25,71267;25,2764;24,53765;0;26,68939;25,36983;22,92468;22,82476;22,59257;28,20774;28,09572;26,92275;25,22806;26,74163
P08311_CTSG;24,60518;23,35367;25,95163;24,22413;23,52432;23,63445;23,30925;23,40989;24,55923;21,58348;23,63688;22,62297;21,78672;22,05679;23,60456;23,30522;24,17547;25,13915;22,55604;24,56535;24,63301;25,31962;23,31147;26,16241;23,87173;25,76134
P08571_CD14;19,37562;20,86846;21,46124;20,39634;0;20,47516;20,45503;0;0;21,56705;0;23,22741;18,73423;0;22,2105;0;0;0;19,24037;0;20,67332;20,88129;0;0;22,27429;0
P08603_CFH;0;0;23,11248;20,81159;21,54891;20,72908;21,86329;22,90641;22,72846;22,45393;0;22,28687;23,07281;21,26785;0;0;0;22,12761;21,09016;0;23,7959;24,19144;0;25,02394;24,38634;22,69979
P09211_GSTP1;28,17983;26,61484;27,09617;27,01041;28,02454;26,73467;27,37053;26,50487;26,3313;25,94327;26,92807;28,01452;26,88937;25,89544;27,36536;25,80577;26,91365;26,63824;28,00314;26,83653;25,89943;25,47358;26,54813;26,85698;26,96455;26,13326
P09228_CST2;30,93747;30,435;29,00062;29,39887;31,02082;29,89894;24,31154;0;27,73389;28,32946;30,92181;26,38962;26,07218;30,64779;28,18296;30,23831;29,1344;29,281;25,9052;28,58917;28,65209;0;28,43686;22,13028;22,90036;22,45603
P09960_LTA4H;25,17995;22,08557;23,63201;24,56987;23,81958;25,07611;26,07063;24,93418;22,242;21,98586;25,42214;23,8225;24,7897;0;22,88828;0;23,83567;24,3583;0;24,48456;22,7912;24,44922;24,12739;22,36014;24,66226;22,90857
P0C0S8_HIST1H2AG;25,68014;25,18086;24,42694;25,00851;25,94161;26,07786;25,50724;24,91502;25,00676;24,70398;25,93283;26,42329;25,64392;25,14231;26,26386;0;24,98776;25,73133;24,24343;24,41229;26,20628;24,95704;28,01217;26,52154;23,80489;26,65704
P10412_HIST1H1E;25,4107;0;22,50531;26,7474;25,32121;26,98359;26,45119;26,24025;23,84374;22,33041;26,88983;25,34844;26,49605;24,82459;24,37139;26,68271;28,58402;25,27017;26,12514;25,81731;24,47488;26,97279;27,06415;23,99352;25,54153;25,66514
P10599_TXN;27,00035;23,6424;25,48619;26,33588;26,97093;24,91022;25,64207;23,1712;25,56459;25,1106;25,06915;27,20434;24,12802;25,75761;26,81054;23,62064;23,89393;24,64631;27,54635;25,49518;25,33364;22,49003;24,61605;25,3887;25,88525;25,06406
P10909-2_CLU;23,29544;23,07259;22,89774;23,50276;23,11564;21,55833;21,01488;22,55852;24,4379;24,99602;23,10196;23,73758;22,30302;24,84384;24,85129;23,70113;23,34935;24,48087;0;23,45864;26,24067;22,46563;0;22,56718;22,43258;22,66436
P11021_HSPA5;25,82673;23,65851;25,70525;24,72837;24,37921;25,33091;25,55069;24,44575;23,87183;24,11315;24,84857;26,03311;24,5775;24,12163;24,67837;23,54828;25,54922;23,89134;25,07631;24,66166;24,09128;24,78222;25,68445;24,90995;24,84561;25,08861
P11142_HSPA8;25,82447;23,634;24,00804;24,68335;23,94949;24,92669;26,01708;25,19997;24,97636;24,64268;25,40772;26,05722;25,30243;25,23158;25,75789;24,91798;23,77746;24,97412;25,26503;24,91269;24,27725;24,12621;25,55186;25,32667;25,32437;26,09796
P11215-2_ITGAM;21,49741;0;24,16461;20,84498;21,24144;22,0084;21,77872;0;21,27344;0;21,66371;0;0;0;0;20,50572;21,34938;21,77036;21,77563;21,98631;21,45393;23,64548;0;23,91424;22,34887;23,84709
P12273_PIP;29,33467;30,73957;32,13204;29,9034;29,8931;27,80206;27,66445;26,07686;30,03039;31,05077;29,27934;28,57928;27,61442;31,43926;31,43594;28,90196;27,00056;28,34308;27,07674;30,39928;28,88291;28,43213;27,40162;26,87888;28,71365;26,48933
P12429_ANXA3;21,62154;23,49911;24,79248;21,3218;22,08219;21,64887;0;21,98801;21,45719;0;21,78245;19,55174;21,69774;0;0;21,27611;22,01185;21,78867;21,36864;23,38627;21,49687;24,98098;21,16085;28,09542;22,42877;24,20404
P12814-3_ACTN1;26,11555;24,59611;25,42579;25,84216;25,04822;26,11765;24,25148;24,96895;24,41777;24,41183;25,68215;24,6392;25,54345;23,61043;25,23162;24,9949;24,9213;25,83887;0;25,20385;25,25162;24,75486;26,90667;26,55215;26,15209;26,47011
P13688_CEACAM1;23,12198;0;22,67502;21,94178;22,29978;21,77917;22,31246;21,25384;21,05881;21,21466;21,66739;21,64201;21,11191;20,48513;20,58564;21,29972;0;0;21,25379;21,35499;20,8219;20,84973;22,40164;24,56419;21,97614;23,66166
P13796_LCP1;26,64485;24,62204;26,27267;26,09861;25,61734;27,57297;27,90776;27,61323;24,9711;23,81783;27,13261;24,59685;26,44104;25,22383;24,68437;25,77764;26,98468;25,97609;27,60569;27,42614;25,15356;26,26127;28,43667;25,19824;28,01484;25,20344
P14174_MIF;25,83634;23,76051;23,13256;23,62132;25,18903;25,4051;26,54273;23,77525;24,00462;23,92234;25,11779;25,005;25,20385;22,40619;23,65425;22,08949;24,10398;24,11965;23,32196;24,25926;23,49277;25,02217;22,65005;23,72359;25,41973;23,04579
P14550_AKR1A1;22,09294;0;22,33938;22,06536;21,85422;21,58967;22,5038;21,53706;0;0;0;21,33582;0;21,61773;20,46354;21,46877;20,76749;21,8514;0;22,51241;21,41679;20,55618;20,95816;20,00895;21,68936;21,32493
P14618_PKM2;27,17236;23,905;26,82043;26,18814;25,51355;26,80255;28,62519;24,36259;24,1325;23,69732;25,78982;26,19487;25,1658;24,56709;24,424;23,64998;26,87771;26,02657;24,84967;26,75098;25,52432;27,61576;25,86044;26,6554;26,71581;26,08641
P14780_MMP9;26,51042;25,43294;26,5969;26,16319;26,34081;26,70504;27,80974;26,6971;25,56695;23,97018;25,94766;23,79471;26,65785;24,20658;24,83142;26,16925;26,05732;25,54622;25,54646;26,09005;25,08444;26,99172;27,20909;26,53597;26,87877;24,38192
P16401_HIST1H1B;25,40093;23,13634;21,07568;25,84024;24,89449;26,39125;24,95172;25,44607;23,87624;0;25,75029;24,31852;24,77856;23,82687;23,50506;25,86027;27,19854;25,51761;22,79497;25,08038;24,19873;24,76355;27,63374;22,43071;22,2537;24,70583
P16402_HIST1H1D;21,58403;0;0;20,13069;20,18568;21,43893;20,1739;19,94949;0;0;20,93704;20,48326;0;0;0;21,13377;20,36602;0;0;0;20,08472;0;22,7916;0;19,87598;19,2354
P16403_HIST1H1C;0;23,0863;0;26,25762;24,53807;26,45714;0;24,1702;23,32471;0;24,43205;24,67627;24,66476;24,13641;23,93733;25,76342;26,50274;24,91962;0;25,69498;0;24,23286;26,61133;0;24,41358;24,17165
P17174_GOT1;22,50642;20,35509;20,29311;22,16757;21,49775;20,91707;21,98753;19,58639;19,18103;18,79791;22,05388;24,12037;19,10021;19,28114;21,95879;0;20,61836;20,41411;22,47103;0;17,63899;18,84319;19,30984;0;20,15363;19,79467
P17931_LGALS3;22,74507;0;23,66958;22,80467;21,60214;21,97973;22,32468;0;21,55295;22,69846;20,12578;24,82934;21,51152;0;21,78636;22,19373;22,10645;22,59541;22,19129;20,40686;21,62814;23,25013;22,54934;22,33726;22,64781;23,22579
P18206_VCL;21,53521;21,48753;21,89789;21,47472;21,36528;22,15085;23,4968;21,34348;0;0;21,46901;20,58784;20,3931;0;0;0;0;19,95943;22,43331;22,98158;20,61881;21,08874;23,16063;21,3989;24,83408;22,08378
P18510-2_IL1RN;26,70715;25,8394;23,80853;24,62338;26,42905;25,39647;25,02424;22,75385;23,93885;25,46279;24,63749;27,11128;23,60693;26,00999;26,28995;24,801;25,03649;24,80243;26,91376;25,47559;23,4197;24,63716;23,40276;23,64053;24,38291;23,03966
P18669_PGAM1;26,27753;24,33892;25,39731;26,1535;25,76646;26,78044;27,62993;25,68392;24,35367;24,33702;26,13935;25,23579;25,55526;0;24,85324;25,04906;26,10003;25,27806;23,13471;25,70767;24,60834;25,7484;26,17817;25,30588;26,45922;24,81069
P19961_AMY2B;30,88845;31,95536;29,58708;29,40833;31,03767;28,1437;31,09409;29,62392;32,22147;31,41785;31,96155;28,26763;29,46766;27,89764;28,00694;27,6421;29,17348;30,6513;30,85942;26,69896;28,88349;27,83623;25,10881;23,39126;29,57431;26,98999
P20061_TCN1;0;22,70155;24,00573;21,43522;22,42237;21,37247;22,01175;21,26333;22,52037;24,55133;22,11448;23,70451;21,36164;24,45061;24,64141;21,26905;20,55262;21,57911;22,93817;23,70525;22,74429;20,68046;20,80381;0;21,20675;20,53222
P20160_AZU1;23,49033;24,54563;25,68207;24,37046;23,96763;24,901;25,48683;25,89264;23,35448;0;25,13375;24,77761;25,77989;22,12855;23,85937;22,99481;23,75766;24,78481;0;22,92163;25,39139;25,34672;28,20681;24,54663;24,1715;24,78786
P20618_PSMB1;21,46583;0;20,86922;20,79321;0;20,97575;21,16214;20,72908;0;0;20,83615;21,08965;0;0;20,29255;0;20,60286;20,38659;0;0;20,64315;0;20,96148;20,98085;21,54269;20,40976
P22314_UBA1;21,58325;0;21,52559;20,58224;19,41955;21,69183;20,76426;19,31979;0;0;20,24667;19,49398;19,57944;0;19,86597;20,01781;21,67939;19,26132;0;19,56521;19,34319;21,06645;20,92296;20,16337;20,97792;20,4108
Q32Q12_NME1-NME2;23,48333;21,44081;22,62845;23,171;22,73171;22,52655;23,57669;22,59883;22,11826;22,49512;22,89243;24,09257;24,01478;22,33265;22,95015;22,49622;22,98372;22,47894;0;23,66839;22,53281;24,01742;25,23604;23,97141;22,89197;24,79248
P22532_SPRR2D;0;0;0;26,78307;26,80637;25,12009;22,71827;23,47271;0;23,79273;0;27,11664;0;23,77766;24,80622;0;23,93175;25,05412;24,99014;0;0;21,13464;22,95541;26,12305;0;22,67174
P22894_MMP8;22,35507;20,75532;22,28701;22,07988;22,78003;21,94942;25,2426;23,88623;0;0;21,66939;20,36805;21,99762;20,82462;18,81888;20,40395;20,73967;21,58417;23,10727;22,22911;20,77612;23,94958;21,97316;21,25014;24,48068;20,9679
P23280_CA6;28,25417;28,39243;28,28692;26,52892;28,26616;26,09366;26,83123;27,66085;27,82414;27,9341;26,46;25,20378;26,42421;28,23032;28,71021;25,30591;26,11239;27,15228;25,11668;27,91997;27,9057;26,09943;24,02673;23,6445;28,243;26,69019
P23284_PPIB;25,48662;23,03543;26,3093;21,96645;22,66047;22,99704;24,34699;22,20616;24,11506;24,03942;23,44038;22,38622;22,93427;25,6653;25,74458;22,90683;0;22,35394;23,74888;24,12621;23,03399;24,62204;22,48237;23,17127;22,28515;23,80912
P23381_WARS;23,18438;23,35501;22,69802;21,94378;22,2828;22,49353;22,62652;22,96723;23,44266;21,49892;21,46812;21,33511;22,68716;23,10671;0;23,51629;22,50775;21,9043;0;0;21,91962;21,86359;22,29681;22,60259;22,47593;21,8759
E9PK25_CFL1;25,5271;23,03497;25,86027;24,46893;23,22127;24,54934;26,82031;25,09555;23,73717;23,07974;25,87511;24,45432;24,05009;23,59525;23,61313;25,11545;23,52719;24,92963;24,83485;26,61653;24,78177;25,01657;23,64328;25,1114;26,07991;24,77309
P24158_PRTN3;26,58334;25,83752;27,23187;25,74701;26,56737;27,79346;27,70048;27,43452;26,35272;24,85562;26,63644;26,19141;28,25115;25,68177;25,16634;25,3361;26,55473;27,31268;27,82098;26,2219;25,01742;29,25982;27,68826;27,47104;29,47445;26,55942
P25311_AZGP1;30,60205;31,70141;30,82851;30,70759;31,67665;29,57198;30,224;29,42059;30,78831;32,24462;30,95164;31,9841;30,22331;31,77022;31,93632;30,81955;29,94196;30,08601;30,16686;31,31678;30,26551;29,59859;28,49125;26,49654;29,28903;28,72009
P26038_MSN;23,68656;23,02992;25,76833;24,00975;23,65064;25,07749;25,6685;24,61195;23,61291;23,75113;24,67201;23,98085;23,97649;23,76142;24,243;23,7959;23,73066;23,61392;23,2027;24,19858;23,40925;24,4545;25,21571;26,21176;25,84446;24,97053
P28325_CST5;26,37041;24,73174;22,98602;24,57957;25,24579;0;0;21,75548;23,15808;26,26288;21,0711;22,1029;24,45494;26,2589;24,68228;23,60603;22,76314;23,13033;24,34476;24,18314;24,13461;0;21,45166;0;22,45146;23,29852
P29401-2_TKT;27,56696;26,55104;26,73027;26,63713;26,30911;28,08578;28,22085;26,91411;26,16096;24,66525;26,84817;25,76497;26,60795;24,84618;25,30841;26,57687;26,95427;26,15973;24,63964;26,96323;24,9457;27,00303;25,90145;24,61538;27,85525;25,17101
P29508_SERPINB3;24,69365;24,11934;23,89152;25,03616;25,62458;23,00662;24,7884;22,34422;23,58164;25,33446;24,62784;27,20788;24,1474;26,87291;25,59483;24,46364;25,6634;25,4993;26,67142;25,12704;24,78227;24,93157;23,8674;24,21193;23,30577;25,98891
P30044_PRDX5;22,29292;0;21,78133;24,04602;22,14998;23,34381;24,18003;21,04247;0;20,4495;23,12882;22,77074;21,78644;22,10377;19,74846;0;23,09586;21,97481;23,4496;22,36493;20,83082;23,88437;21,37804;23,11137;23,56197;22,69422
P30101_PDIA3;23,47234;22,91891;22,65918;23,35111;23,04875;24,17965;23,73738;23,03952;0;22,68577;23,38837;22,58683;0;22,36634;22,10566;22,32688;22,87656;23,50312;0;23,29081;22,85888;22,47025;23,50458;24,0456;21,93844;23,53315
P30740_SERPINB1;25,12554;26,08956;26,29604;25,69864;25,89493;25,13309;24,95824;24,8435;24,87764;25,59858;26,56326;27,59939;26,18386;26,0571;27,01999;25,22199;25,63868;26,14367;26,84709;26,67761;24,72765;24,84254;22,55159;23,78287;24,34394;24,86594
P31025_LCN1;27,66959;30,58289;29,43237;27,04604;30,7024;29,07849;27,06733;29,63571;30,29329;29,42492;29,20865;24,88166;28,54775;30,68479;29,78759;26,55317;26,7465;29,02195;29,76612;28,51563;26,98989;21,04634;26,2926;22,13173;26,51838;27,10049
P31146_CORO1A;24,55116;25,31821;24,76421;27,10729;26,02299;27,68291;26,53395;26,33489;0;23,89504;25,50885;23,92443;25,85139;24,49161;24,03758;25,76825;26,67209;25,98971;0;26,18098;24,11823;26,25748;27,03002;25,62837;23,57311;25,11898
P31151_S100A7;23,6725;22,80984;22,38509;26,79662;23,79035;22,23981;22,6125;25,55057;23,60727;24,14981;24,01282;25,24855;22,0922;24,12881;22,74476;21,56941;21,30658;24,25551;23,4711;24,00804;20,63192;21,50562;22,04126;22,58293;22,59261;23,82706
P31946_YWHAB;24,92895;23,2981;24,04568;24,71686;24,21067;24,61762;24,52719;24,06751;22,92399;22,29177;23,86722;22,82367;23,47927;23,35326;23,60614;24,54828;25,45196;24,54875;21,67982;24,64537;24,04627;23,84173;24,84427;24,8148;22,70041;24,00453
P31947_SFN;28,5059;26,72025;27,03234;27,84392;26,79266;27,07826;27,33108;25,50818;26,32547;26,04064;25,95989;27,6441;26,15112;26,87572;27,5687;25,75766;27,69604;27,63222;24,28743;26,99604;26,09424;27,05662;25,42028;27,50885;25,26953;27,7413
P31949_S100A11;22,46114;0;20,61531;21,64302;21,12673;22,68284;21,46533;21,71427;19,84992;20,45403;22,16546;22,11302;21,59286;20,04073;20,13996;20,2995;23,19818;20,39456;23,36132;20,05285;20,16632;22,24406;22,38002;23,79134;23,38113;23,21411
P32119_PRDX2;25,81609;24,3965;24,76228;25,09164;25,23805;27,76294;25,31174;24,42611;24,22465;0;24,87155;25,98906;25,01342;26,18858;25,76035;24,81729;25,61378;25,15831;26,93506;25,35797;24,80543;26,17152;28,56783;25,63109;28,2056;26,78544
P32926_DSG3;27,38583;25,10286;25,48244;25,92397;26,41741;24,99555;25,10597;24,76005;25,24009;26,91456;26,13508;27,28339;24,81049;26,31767;26,77467;23,07161;26,86644;26,04579;24,5981;25,39503;24,19061;25,34986;23,92805;24,15159;24,19656;24,79759
P35321_SPRR1A;22,97041;0;20,23269;25,38798;25,24122;23,97622;22,30808;21,67034;21,52253;25,24016;23,08756;26,76585;0;25,27696;26,21577;22,54099;23,88325;24,5675;26,30482;23,88241;23,33579;0;20,97624;23,90912;21,12742;24,69147
P35579_MYH9;23,95447;22,07718;26,18262;22,17968;22,28678;23,92316;21,41952;20,7285;21,93808;20,7075;23,04988;21,87433;23,05864;21,8271;23,84871;0;21,88811;24,14795;23,57542;24,67611;23,82736;26,20674;22,90307;27,38764;24,59224;24,96794
P36952_SERPINB5;22,98456;0;21,50276;21,70075;21,96649;21,61428;21,05973;0;21,44582;21,96839;21,429;22,7915;21,69017;21,4916;21,84812;0;20,91013;21,18477;22,16411;0;21,2359;20,76515;0;23,32224;20,54971;23,16438
P37802-2_TAGLN2;23,21505;22,59439;21,28354;23,11329;22,12896;21,99124;22,65042;21,1991;22,45287;22,78981;21,81777;22,89069;22,21546;22,23666;21,68445;0;0;21,74452;22,75552;21,19153;22,80827;0;22,00237;21,80715;23,80223;21,38031
P37837_TALDO1;27,63996;25,71822;25,77254;27,07081;26,48889;28,0168;27,5099;27,40268;26,2432;25,63757;27,63132;26,74561;26,62589;25,85761;26,63741;27,11257;26,91251;25,64414;27,90833;26,80489;25,13159;25,37524;27,31924;25,35807;27,09356;25,85403
P40121_CAPG;24,69758;23,54745;23,44985;23,17252;23,66308;23,67411;25,49963;24,55051;0;21,63214;24,49503;23,12212;23,97071;22,87742;23,53005;23,31022;25,5186;23,30062;24,12005;24,16883;22,61556;23,85871;24,12778;22,7373;23,62433;22,3874
P43652_AFM;20,52143;0;20,89984;20,7909;20,91474;20,62024;20,42706;21,20711;0;0;0;21,02675;21,59955;20,14295;0;0;20,92832;0;23,19762;0;21,69943;21,40036;20,7917;0;24,26105;0
B1AK88_CAPZB;24,51316;0;23,89606;24,03238;23,79025;25,51415;25,36426;24,74878;23,19835;22,47234;24,89749;23,98346;24,35864;0;23,14742;23,46762;25,45353;24,23696;0;24,81069;23,32485;25,05022;25,65092;25,31641;23,31202;24,34969
P50395_GDI2;25,09897;23,014;23,12532;24,36553;23,84134;24,3534;25,28961;24,38245;21,78421;22,33595;24,51081;24,87155;23,83499;22,50497;23,85614;22,23664;24,56122;23,91862;23,71576;22,1952;21,8848;25,07721;25,08213;24,69631;24,6863;24,72338
P52209_PGD;25,32124;23,87821;24,79917;24,89569;24,92597;25,56075;26,14313;24,49741;24,16362;23,77676;24,67616;25,81529;24,6147;23,31962;24,78237;23,56372;23,83036;24,40886;22,46431;25,2798;24,1292;24,84843;25,10029;24,62132;24,46775;24,70129
P52566_ARHGDIB;24,18918;23,65535;25,63533;24,74643;24,69673;23,76426;26,44514;26,37161;24,10318;0;26,52812;23,48616;26,0471;23,6221;23,51087;24,634;26,47542;24,38027;26,53885;27,17226;24,47655;25,67514;24,05192;22,08651;26,42683;23,63854
P52907_CAPZA1;22,66861;21,87489;23,16731;21,58765;0;23,84086;22,818;22,49534;21,72376;0;22,31565;21,78481;23,18204;0;21,20024;0;23,26227;21,84999;0;22,22973;0;22,53898;23,30299;22,6693;24,08748;21,85992
P55058_PLTP;21,21318;21,16705;21,64821;21,31893;21,98798;0;0;20,9333;0;24,39565;21,60078;24,30034;20,92933;24,43974;24,15738;0;0;21,83384;20,85946;22,87136;20,76004;0;0;0;20,79606;21,3756
P59665_DEFA1;25,75131;27,87514;28,89201;30,29099;28,69687;30,6447;0;29,33072;28,51386;28,71862;28,51183;28,31993;28,28864;27,74586;28,49324;29,43211;30,42842;31,34852;26,07012;28,36348;27,15151;31,1909;28,91122;31,31484;26,71607;30,20676
P59998-3_ARPC4;24,22229;21,97663;24,30201;22,78758;21,76983;23,98277;23,72567;23,88204;21,16109;20,94256;23,03308;22,17481;23,17216;21,46598;21,6054;22,26112;24,74422;21,88066;21,63259;22,98198;22,49619;24,12542;23,02798;23,63478;23,55426;23,55286
P60174_TPI1;27,15731;26,05053;25,62472;27,1865;26,34043;27,0357;27,79724;26,6047;26,46849;26,30503;26,65363;27,50582;26,4493;26,17822;26,93101;26,24831;26,60682;26,48879;27,97285;26,59392;25,84859;25,59582;26,81568;26,0565;28,01877;25,3433
P61158_ACTR3;24,8007;21,17755;24,08408;22,57226;22,00727;24,13712;25,29684;24,31417;21,16386;21,37862;23,32787;21,96769;23,96367;21,96663;22,11461;21,47922;23,73944;22,35062;20,25845;23,6147;22,90624;23,67562;23,24492;23,92379;23,38561;23,21585
P61160_ACTR2;23,69487;0;22,91623;22,00137;0;22,57586;23,58612;0;21,04414;0;21,64394;21,77487;21,38337;21,05338;21,56505;0;0;0;0;22,41155;21,20556;22,2433;0;23,26327;22,60356;22,96024
P61586_RHOA;21,87016;0;21,21744;22,18201;21,41787;20,95915;22,9747;21,6123;20,62328;20,49833;21,58431;21,68505;21,06336;0;20,57626;0;20,53943;20,94985;20,43929;22,31197;20,51114;20,8498;21,12572;21,42767;21,33751;21,83942
P61626_LYZ;23,89606;29,56846;29,10871;26,4188;25,24038;26,85019;26,80612;25,77007;26,40386;28,82326;26,53976;24,46083;24,69216;29,29068;29,48087;25,71649;25,60096;26,69445;28,23036;27,17636;26,37763;27,7449;25,7038;26,49627;26,48884;28,86724
P61769_B2M;22,90303;25,28912;24,3678;24,84986;24,66226;23,98442;23,36413;22,68991;24,26678;26,95959;24,4821;28,82311;0;26,97738;24,82187;23,57381;24,67406;24,84503;21,57842;24,37504;23,96913;23,74458;21,17152;22,563;23,58072;23,39061
P62258_YWHAE;24,20142;0;24,55403;23,69625;23,36546;23,74427;23,52001;22,21027;21,92114;21,57847;22,14021;22,70274;22,3819;22,37836;22,79947;22,31821;23,95598;23,6184;0;24,16438;22,29986;23,57092;23,28785;25,55019;21,15925;23,57496
P62328_TMSB4X;25,58322;24,03255;26,17568;27,7024;25,68806;27,65253;28,07938;27,63976;26,7313;25,24227;27,78438;24,22964;25,82723;23,02596;26,15165;26,83653;23,63987;23,98902;28,17179;27,14385;26,36905;24,70203;27,81464;26,05173;27,29342;21,69545
P62805_HIST1H4A;28,78038;25,97299;25,68233;28,09658;27,00528;27,34756;25,92802;27,19385;25,43936;22,83573;27,11625;26,42257;26,37885;23,92976;25,81147;23,84967;27,47591;27,03999;0;25,45786;27,35018;27,83437;29,57165;27,33637;26,11176;26,05296
P62937_PPIA;28,15475;27,49717;27,46591;28,55384;28,09068;28,00881;29,06;28,51807;27,27133;26,93438;28,00035;27,99361;27,77706;26,45711;27,12741;27,37989;27,1044;27,64251;25,52022;27,85763;26,82287;27,55362;26,96334;26,95626;28,12273;27,82256
P63261_ACTG1;31,62479;29,65707;30,85905;31,28372;30,84214;31,89407;31,34678;31,62104;30,28659;29,50482;31,52295;30,95754;30,97712;30,22216;30,50607;30,06175;31,73477;30,48289;28,45215;31,5522;29,98997;31,11799;31,62806;31,03361;31,82309;31,08005
P63313_TMSB10;23,33484;0;23,34313;24,23133;23,46451;23,76213;24,72515;24,51184;23,93688;24,67912;25,24118;25,37786;24,79069;23,30814;24,74212;0;23,14263;21,78001;23,27753;0;23,67605;23,07708;0;22,53941;24,84192;0
P68032_ACTC1;22,97975;0;23,77505;22,25301;21,82287;23,15324;24,32951;24,22685;23,59047;22,29555;22,63843;22,1342;22,01311;21,49717;21,71582;22,86788;22,14034;21,87264;20,92034;22,97451;23,34327;22,23427;23,02662;23,56802;25,72198;22,64176
P68371_TUBB4B;21,1013;0;24,04677;21,13226;19,0765;19,69732;0;18,56967;19,30472;19,71897;0;19,89187;0;19,95617;21,00292;0;20,62399;20,36389;0;19,42189;22,91802;25,03116;0;26,97169;20,91568;24,42771
P68871_HBB;28,7466;24,57109;25,431;28,47916;27,12839;33,48244;28,33586;28,21364;26,09766;25,51021;25,4546;29,33115;28,50434;28,27039;23,75858;29,49618;29,05884;26,55322;28,50934;25,98235;30,65429;30,24377;34,16489;26,96884;33,43825;25,1195
P69905_HBA1;27,38039;22,74041;25,17035;27,12445;25,64113;32,79892;26,79166;25,80693;23,35461;24,25342;23,53231;28,05186;27,14424;27,57029;20,69575;29,37724;28,88189;26,47393;25,73154;25,3115;29,32826;29,46762;34,07232;26,38047;32,45988;22,97998
P78417_GSTO1;22,92133;0;0;22,55595;0;25,24688;23,08242;22,83094;0;0;23,1614;22,96971;22,87136;0;0;0;23,51388;22,52547;22,24115;22,41767;0;22,51737;23,30966;0;0;21,16232
X6R8F3_LCN2;24,67514;23,63267;25,50739;25,71432;25,08683;26,259;28,18353;27,13555;24,80612;23,7415;24,91894;24,63334;24,92805;24,82561;23,85814;25,16741;25,29179;25,85448;25,90846;26,77039;26,54626;26,82687;27,85466;26,45367;27,24771;25,53127
P80511_S100A12;24,29123;22,15041;24,62767;22,62239;22,43497;26,11531;26,46409;25,79271;23,15151;0;22,9627;0;25,10169;0;0;22,01574;22,90689;22,90408;26,61428;0;21,74981;23,93634;25,59152;27,44031;24,56343;25,6233
P80748_;21,25523;23,67896;23,06612;25,31917;24,44796;24,09136;23,03924;24,12825;24,54073;23,92904;24,23579;23,87905;0;24,2576;25,95431;25,70028;25,29789;25,46541;0;25,16457;23,25393;25,16277;22,70278;24,90633;25,83925;25,27845
Q01469_FABP5;29,86952;27,19489;26,11201;28,82199;27,87549;26,29653;29,13978;26,44635;27,18801;27,57109;27,43944;28,20546;27,00346;27,70734;27,03653;26,06225;27,67418;27,35195;27,9856;27,74618;27,30852;27,01127;27,29149;26,3434;26,61428;26,92626
Q01518_CAP1;25,67093;24,09579;25,28926;24,95385;23,45023;26,60795;26,13281;26,41414;24,38923;23,55485;25,82862;24,8683;25,46279;24,10125;24,20172;25,3535;25,23418;24,65998;24,2186;25,41306;23,64625;25,66574;26,20805;25,49799;26,6539;25,3697
Q02413_DSG1;25,43183;23,9715;23,35192;23,96957;24,69816;23,34679;21,87766;22,67008;23,32594;25,13903;24,43161;25,21156;22,74905;25,0604;24,04951;0;23,84719;22,67893;22,69543;22,67704;23,07205;21,328;22,48802;21,01937;21,03322;21,29995
Q02487_DSC2;24,33776;22,84608;22,73175;23,70187;23,82172;23,08941;21,99386;21,66865;24,63445;23,61684;23,84575;24,80995;22,16116;22,37703;23,99343;21,29777;24,34618;22,87823;23,01531;22,18347;21,62689;21,33156;22,41101;0;20,8012;20,82322
Q07654_TFF3;23,09159;22,471;23,78117;23,1164;22,71184;22,93303;0;20,05431;21,43726;24,59052;23,44859;23,69211;21,08576;24,81015;24,98103;20,86143;0;21,53754;22,03211;21,59851;24,28461;21,34196;20,76943;21,8759;23,60795;22,46289
Q08188_TGM3;25,96904;23,42008;25,24176;25,38242;23,99731;25,06772;24,14414;23,14334;24,57537;22,3637;23,93715;26,02452;24,43682;23,31686;25,52298;0;25,85705;24,84814;22,17782;23,13546;24,56261;25,45083;24,79328;25,86434;22,58893;27,6126
Q08380_LGALS3BP;23,8041;23,53931;24,78252;24,42458;23,36906;23,57773;22,99699;22,40541;23,4501;25,32354;24,35736;27,89977;22,31821;24,46064;24,38594;22,22723;22,9689;24,26019;21,80377;24,36185;23,53623;24,43167;21,16196;23,06525;23,85072;24,13383
Q13404_UBE2V1;21,13602;0;20,26109;0;0;20,7314;20,8285;0;0;20,51017;20,57939;22,328;20,39153;20,82314;20,29143;0;0;20,72958;21,81746;20,56746;20,70835;20,93179;21,65657;0;21,9417;0
Q14508_WFDC2;24,14585;24,99641;23,87399;26,09073;24,67152;24,34976;23,53528;23,70123;23,8511;25,50531;25,12928;26,89087;23,58875;24,74832;24,93517;24,15136;24,854;24,86382;23,90261;24,90701;25,10649;24,81709;22,92003;0;22,10137;23,42726
Q14847_LASP1;22,67977;20,34375;19,4436;22,24997;21,54496;22,9916;22,41594;21,89593;20,20132;0;22,9153;20,08252;22,40989;19,75511;19,82308;21,75475;22,50074;20,72267;22,73568;21,63285;19,22609;20,65901;21,39111;18,10728;21,97554;19,01732
Q14974_KPNB1;21,05411;0;21,1818;20,14058;19,2971;20,77402;20,82997;18,8273;0;20,97638;19,75545;19,75452;19,65756;19,21944;18,76982;17,64075;20,42255;20,44879;0;18,95345;18,69156;22,25124;20,67012;21,68936;21,27373;22,21267
Q14CN2_CLCA4;23,37172;0;23,23396;21,23046;23,01735;20,95504;22,59858;20,73785;0;22,29953;20,8302;23,54392;0;21,77896;21,37984;0;22,14725;0;23,20009;21,09455;20,71456;22,00374;0;20,88159;0;20,99817
A0A087WV23_SH3BGRL3;25,6332;24,75898;21,98346;25,14285;25,64342;25,44626;25,33569;25,04105;23,4996;20,65953;23,6231;24,89287;24,93175;24,22781;24,28616;22,96118;25,56066;24,84953;25,15217;24,2967;0;24,20374;24,68046;22,71871;24,33429;0
P21333_FLNA;23,63755;0;21,86869;22,66349;0;24,13297;22,54411;23,85129;0;0;22,35925;21,95911;0;0;20,97113;0;22,61063;22,15949;0;23,63201;22,30349;24,5786;24,44676;25,00958;22,59268;24,29831
Q68D86_CCDC102B;23,52981;26,88914;28,71849;24,21801;23,16608;24,62684;26,10863;25,42188;24,20404;27,99523;25,88653;24,07741;23,26685;28,30513;28,13193;23,13765;22,09816;24,39369;25,73565;26,14155;25,53943;28,91678;25,9619;0;27,03852;27,94464
Q6P5S2_C6orf58;25,84009;27,8302;25,6606;25,65952;24,31562;26,25927;23,67282;22,11756;25,66774;27,84918;26,19398;25,32989;25,65286;28,51905;27,32122;24,71282;24,77394;25,57854;25,20631;25,27973;23,8866;26,61316;23,09397;23,07871;24,85795;21,28546
Q8N4F0_BPIFB2;28,68746;27,82317;28,60939;28,3145;29,20233;28,19094;25,32828;26,14252;26,71162;30,97631;28,36795;29,7577;26,51724;30,77784;29,79715;26,02145;26,37513;27,62171;27,23398;27,65806;29,1684;27,16663;25,41332;25,51986;28,73712;27,65724
Q8TAX7_MUC7;22,88183;29,35588;28,0176;24,68769;24,80804;26,55945;0;20,76854;27,40511;27,53675;25,41606;25,80637;25,58388;26,02225;24,0937;25,83836;27,75793;26,67922;24,14771;27,20247;26,08387;28,80578;25,26209;24,38621;22,89062;25,39156
Q8TDL5_BPIFB1;24,17547;22,50751;27,00699;23,16595;24,77811;25,48136;22,28732;22,4155;24,28419;29,51702;24,64361;25,61597;23,34191;27,60378;24,98559;0;21,06059;24,82871;0;24,445;25,39601;22,41516;23,90003;22,7313;22,47229;26,7313
Q96DA0_ZG16B;22,22556;22,66393;26,92139;21,83746;21,5545;21,03564;20,20431;22,08518;22,21928;27,49244;20,85179;22,57205;22,89019;24,98094;24,99921;21,52578;0;24,14453;0;25,97592;24,95642;23,99032;21,54246;28,23274;23,40613;27,74336
Q96DR5_BPIFA2;23,69179;22,89465;27,67384;24,19212;25,10025;24,97522;23,12619;24,37564;25,91002;27,61996;25,15434;25,65149;24,76754;28,24925;26,7252;23,4025;23,2981;24,49112;24,89407;26,53899;25,31282;23,1874;23,99231;21,92861;23,32292;23,88064
Q99536_VAT1;23,94539;22,12594;22,86185;23,15852;22,28354;23,66384;23,17234;23,76071;22,91652;21,93614;23,51797;22,832;22,58367;22,81386;21,93481;22,87865;24,30758;23,11978;22,99535;24,27874;22,42345;24,17661;24,88511;23,34015;23,93733;23,28982
Q99879_HIST1H2BM;27,76471;25,47194;26,90552;26,61779;26,77919;27,01903;25,08383;24,76116;23,68507;21,92016;25,47528;26,00828;24,9502;22,50693;24,89837;20,65264;27,4369;26,03607;0;22,22729;24,62042;28,40296;26,5353;26,93258;25,37219;27,60682
Q9BRA2_TXNDC17;22,01049;21,02722;19,70612;20,92586;21,78301;20,97596;23,92542;20,74115;20,9939;20,94006;20,83314;24,81914;20,96056;20,99493;20,61387;0;20,79622;21,0855;21,71477;20,66414;20,65979;20,96937;20,57911;20,11286;21,23894;0
Q9BRF8_CPPED1;0;21,26968;0;22,08871;22,27756;0;0;0;0;0;22,15731;22,28791;0;20,93797;21,25234;22,26934;23,45061;0;0;22,51217;0;21,94038;22,39469;0;19,74846;0
Q9HC84_MUC5B;31,77046;31,36249;32,43435;31,72;32,33738;31,77002;26,39831;28,95155;30,46937;33,32616;32,10914;33,37192;30,30226;33,33165;33,8438;31,01631;28,94854;31,3471;29,52929;32,23384;32,73043;30,24785;29,84143;29,5681;30,06907;32,91381
Q9HD89_RETN;21,76122;0;21,90139;21,39362;0;20,67934;0;21,34765;0;0;22,4384;19,44605;21,10111;0;0;21,47343;0;19,85192;0;20,53498;0;22,21006;23,75297;23,76304;22,16487;21,5739
Q9NQ38-3_SPINK5;23,27427;23,11845;22,67663;23,56767;23,01924;22,22976;22,43708;19,87843;21,83071;21,54071;22,68069;22,73614;21,7054;22,56076;22,49695;0;24,30522;20,82011;23,13807;24,01308;20,30251;21,19111;0;0;21,19634;0
Q9UBC9_SPRR3;22,46598;0;21,31882;22,92481;23,57842;22,4368;0;0;22,35006;24,69073;22,25868;25,3018;22,79679;26,23531;23,81392;21,67206;0;23,53338;29,49121;24,07006;22,67595;0;21,05457;24,79278;21,76583;25,8551
Q9UBG3_CRNN;25,47936;0;25,90704;24,51232;24,58388;24,56935;23,95296;22,71295;24,25386;25,1776;22,34887;24,78447;21,35826;25,7038;23,32113;23,40185;24,96917;0;25,27138;24,41222;23,15629;26,80686;22,42974;26,81543;23,07001;28,02163
Q9UBX7-3_KLK11;19,91187;20,65228;20,7043;20,25695;21,52678;20,59021;20,777;20,68509;20,07496;23,34787;20,33756;21,98266;19,72953;0;22,75949;0;0;20,97085;21,4768;21,75046;21,49751;20,91546;0;0;0;0
Q9UGM3-6_DMBT1;28,21294;30,87438;31,74655;29,67302;29,0379;26,8334;28,91826;27,47669;29,47925;31,4404;30,22653;29,37896;28,23617;29,34727;30,30029;28,71237;28,56881;29,88658;28,1562;30,66687;29,83626;29,01858;26,3728;29,43928;27,20779;30,56973
Q9UIV8_SERPINB13;22,43802;0;21,0549;22,09462;22,4465;19,94106;22,29617;20,72409;0;21,53929;21,91791;24,01436;20,90191;22,57126;23,63168;0;22,58644;21,97879;23,85785;0;20,37114;21,36762;20,85498;0;0;22,12852
Q9UKR3_KLK13;22,34465;22,06487;21,74288;23,22445;23,76577;21,66813;23,74212;23,63522;22,22255;24,73438;20,98315;23,58921;0;24,39728;22,35703;0;22,7784;22,6621;22,26241;22,49595;0;21,24516;0;0;19,86618;23,95447
REV__P04280_;26,20933;27,35161;22,53315;22,84525;26,0944;21,67513;24,71691;25,02149;26,05867;25,94682;27,65417;23,81059;26,48036;23,67777;0;24,56384;24,49247;25,82184;24,93742;0;25,41167;0;21,89015;25,08659;23,62868;23,12995
REV__Q8NDM7_;22,85588;0;21,64289;0;0;23,7495;25,59653;24,76855;22,30092;22,61209;21,6231;21,75173;23,89957;22,04297;21,95727;23,97719;21,48429;23,00436;21,78213;23,20229;21,41875;21,61657;23,73707;22,85622;21,476;22,26611
REV__Q13085-4_;0;0;0;23,76971;23,12308;23,32045;0;0;23,18867;0;0;22,96825;0;0;0;24,12951;23,66579;23,97797;0;0;0;22,87543;0;22,33156;22,32882;0
V9HW75_NUCB2;24,3105;22,73028;23,80223;23,47011;23,34015;21,69884;22,92316;22,18265;23,93193;25,25739;23,857;22,30324;21,99283;25,04652;24,91379;22,97416;0;0;22,55829;23,74427;23,76405;0;0;21,9398;22,34459;22,87865
